timestamp,std_position_error
1694538237.769901,0.0
1694538237.8706188,0.1403350532054901
1694538237.9713678,0.1360768973827362
1694538238.072185,0.13613002002239227
1694538238.172948,0.11536293476819992
1694538238.273743,0.09748953580856323
1694538238.3746579,0.09829702228307724
1694538238.475323,0.09453993290662766
1694538238.5761359,0.11256331205368042
1694538238.676851,0.10237011313438416
1694538238.777618,0.10633288323879242
1694538238.878347,0.10152419656515121
1694538238.9791698,0.1073504313826561
1694538239.079978,0.10017834603786469
1694538239.180791,0.10552087426185608
1694538239.281472,0.10283353924751282
1694538239.382287,0.10624364763498306
1694538239.483095,0.10179317742586136
1694538239.5838518,0.10476920753717422
1694538239.68465,0.1017475426197052
1694538239.785382,0.10623883455991745
1694538239.88617,0.10816743224859238
1694538239.9869418,0.10035184025764465
1694538240.0876849,0.09978993982076645
1694538240.188519,0.10087613761425018
1694538240.289284,0.09309958666563034
1694538240.390118,0.10215142369270325
1694538240.49081,0.10686134546995163
1694538240.591542,0.10912775993347168
1694538240.692333,0.10676682740449905
1694538240.793092,0.10177220404148102
1694538240.8940048,0.10185768455266953
1694538240.994736,0.09975931793451309
1694538241.095456,0.09977429360151291
1694538241.19647,0.10468092560768127
1694538241.29703,0.10637015849351883
1694538241.397795,0.10362304002046585
1694538241.498561,0.10178361088037491
1694538241.599321,0.1017497256398201
1694538241.700104,0.09877143800258636
1694538241.8008618,0.10279735922813416
1694538241.9016318,0.0991845577955246
1694538242.002408,0.10499812662601471
1694538242.1031818,0.11091446131467819
1694538242.2039533,0.10103331506252289
1694538242.30478,0.10360904783010483
1694538242.4055119,0.10567625612020493
1694538242.5063188,0.10693573206663132
1694538242.607142,0.10331524163484573
1694538242.707896,0.10197458416223526
1694538242.808645,0.10710885375738144
1694538242.9094548,0.10917188972234726
1694538243.0103948,0.10324990004301071
1694538243.1110349,0.10390117764472961
1694538243.211856,0.10521966218948364
1694538243.312605,0.10729452967643738
1694538243.413434,0.1029030978679657
1694538243.51406,0.09981492161750793
1694538243.614965,0.10343530774116516
1694538243.715756,0.10525547713041306
1694538243.8165479,0.10602004826068878
1694538243.917263,0.10794840008020401
1694538244.018102,0.10177921503782272
1694538244.118885,0.10506926476955414
1694538244.2196167,0.10723741352558136
1694538244.3204079,0.10695169866085052
1694538244.421131,0.10773275792598724
1694538244.5219479,0.11257694661617279
1694538244.62274,0.10439301282167435
1694538244.723511,0.10675887018442154
1694538244.824307,0.1074516773223877
1694538244.925014,0.10264262557029724
1694538245.025769,0.10416799038648605
1694538245.126569,0.10506288707256317
1694538245.2273412,0.10011420398950577
1694538245.328141,0.10687732696533203
1694538245.4289138,0.1062982901930809
1694538245.529688,0.10112971812486649
1694538245.6304598,0.11024359613656998
1694538245.7312799,0.1051597073674202
1694538245.8320389,0.09892769157886505
1694538245.932772,0.10321544110774994
1694538246.0335898,0.09820324927568436
1694538246.1344008,0.11157482862472534
1694538246.2351499,0.10295439511537552
1694538246.3358889,0.10219038277864456
1694538246.436632,0.11051832884550095
1694538246.5373769,0.10619252920150757
1694538246.638387,0.10271906852722168
1694538246.739145,0.09951151907444
1694538246.8397746,0.10079007595777512
1694538246.940563,0.10520715266466141
1694538247.041308,0.10217845439910889
1694538247.142123,0.10398716479539871
1694538247.2428238,0.09646929055452347
1694538247.343649,0.10484011471271515
1694538247.444404,0.10532094538211823
1694538247.5451798,0.10662947595119476
1694538247.645937,0.1024644523859024
1694538247.7467296,0.10714197158813477
1694538247.8475668,0.10656104236841202
1694538247.948278,0.10529838502407074
1694538248.049049,0.10486547648906708
1694538248.149843,0.10323682427406311
1694538248.250725,0.10592912882566452
1694538248.351511,0.10489141196012497
1694538248.452206,0.10048270225524902
1694538248.5529358,0.103292316198349
1694538248.65377,0.10395278036594391
1694538248.7545729,0.10022140294313431
1694538248.855284,0.10756745934486389
1694538248.956086,0.10005421191453934
1694538249.0568569,0.1052919551730156
1694538249.157547,0.10492962598800659
1694538249.258365,0.10961046069860458
1694538249.359187,0.09732075780630112
1694538249.459959,0.10384178906679153
1694538249.560747,0.0997186228632927
1694538249.661516,0.09864944964647293
1694538249.76227,0.1093747690320015
1694538249.863046,0.10215730220079422
1694538249.9638348,0.10341647267341614
1694538250.064612,0.10834254324436188
1694538250.1653528,0.10937952995300293
1694538250.266145,0.10653164982795715
1694538250.366951,0.10345020145177841
1694538250.4678621,0.10618899762630463
1694538250.56846,0.09987858682870865
1694538250.669198,0.10276549309492111
1694538250.770011,0.10173296183347702
1694538250.8709478,0.10036464780569077
1694538250.971725,0.10210427641868591
1694538251.0723338,0.11064404249191284
1694538251.1731138,0.10544908791780472
1694538251.2739198,0.10381162911653519
1694538251.374609,0.10817548632621765
1694538251.4754329,0.10562676936388016
1694538251.5762029,0.10333642363548279
1694538251.677001,0.10372166335582733
1694538251.777788,0.10088839381933212
1694538251.8785439,0.10739464312791824
1694538251.9793322,0.09828265011310577
1694538252.0800977,0.10146553814411163
1694538252.180895,0.10098329186439514
1694538252.2816708,0.10842563211917877
1694538252.382403,0.11217931658029556
1694538252.483161,0.10217646509408951
1694538252.5838969,0.10419854521751404
1694538252.684733,0.1072121411561966
1694538252.7855399,0.1057453602552414
1694538252.8862638,0.10638686269521713
1694538252.9870548,0.10053572058677673
1694538253.0878289,0.09910479187965393
1694538253.1886358,0.09972722083330154
1694538253.289409,0.10250312834978104
1694538253.390118,0.10638108104467392
1694538253.4909272,0.11249031871557236
1694538253.5917158,0.10311712324619293
1694538253.692441,0.1093229353427887
1694538253.793244,0.10124527662992477
1694538253.894012,0.10606000572443008
1694538253.9948149,0.10422086715698242
1694538254.0955548,0.11101283878087997
1694538254.196364,0.10458925366401672
1694538254.297124,0.10376641154289246
1694538254.397894,0.10247334837913513
1694538254.498736,0.10341893881559372
1694538254.5995176,0.10447102040052414
1694538254.70025,0.10995881259441376
1694538254.8009448,0.10684040933847427
1694538254.9018228,0.1031135767698288
1694538255.00262,0.10680300742387772
1694538255.1034029,0.10217541456222534
1694538255.2041962,0.10407193750143051
1694538255.3049479,0.10556776076555252
1694538255.4057453,0.0961984172463417
1694538255.5064678,0.10933170467615128
1694538255.607281,0.09882700443267822
1694538255.708106,0.10554604232311249
1694538255.8087828,0.10725508630275726
1694538255.9096038,0.10807884484529495
1694538256.0103538,0.1056554988026619
1694538256.111214,0.1135890930891037
1694538256.211964,0.10517580062150955
1694538256.3126988,0.10699460655450821
1694538256.413565,0.1103241890668869
1694538256.514386,0.10487843304872513
1694538256.61509,0.10577483475208282
1694538256.715839,0.10479862987995148
1694538256.816617,0.1033886969089508
1694538256.9174318,0.10651883482933044
1694538257.018213,0.10606861859560013
1694538257.119037,0.10784409940242767
1694538257.2197409,0.11035307496786118
1694538257.320513,0.10974268615245819
1694538257.4212558,0.10130872577428818
1694538257.522107,0.09817762672901154
1694538257.622823,0.09821842610836029
1694538257.72352,0.10144894570112228
1694538257.824326,0.09675578773021698
1694538257.9250746,0.10157832503318787
1694538258.025869,0.09830886125564575
1694538258.1266859,0.09984029829502106
1694538258.2275019,0.08283744752407074
1694538258.3281522,0.0849829688668251
1694538258.428973,0.09018953144550323
1694538258.5297658,0.07725436240434647
1694538258.63055,0.08047191798686981
1694538258.7313988,0.08026432991027832
1694538258.832157,0.07699905335903168
1694538258.932889,0.07497873157262802
1694538259.0336359,0.0825958326458931
1694538259.134516,0.07131370157003403
1694538259.235278,0.06937333941459656
1694538259.3361058,0.07335009425878525
1694538259.436797,0.0661616250872612
1694538259.537613,0.0733855813741684
1694538259.638438,0.07005105912685394
1694538259.7392218,0.07066477835178375
1694538259.840057,0.07435472309589386
1694538259.9407358,0.07064997404813766
1694538260.041519,0.07523072510957718
1694538260.14238,0.0726814940571785
1694538260.243149,0.07157862931489944
1694538260.3439267,0.070095956325531
1694538260.444624,0.07076330482959747
1694538260.5453823,0.06864671409130096
1694538260.6462276,0.07062026113271713
1694538260.7469518,0.07054951041936874
1694538260.847715,0.06771470606327057
1694538260.948526,0.07150277495384216
1694538261.049286,0.06757261604070663
1694538261.1500707,0.06853559613227844
1694538261.2508528,0.07293350249528885
1694538261.351711,0.070888452231884
1694538261.452394,0.07050669193267822
1694538261.553201,0.07237470149993896
1694538261.6540139,0.07577325403690338
1694538261.754761,0.07028809189796448
1694538261.85549,0.07343141734600067
1694538261.956241,0.06811059266328812
1694538262.057003,0.07510379701852798
1694538262.157763,0.07040365785360336
1694538262.258519,0.06775642186403275
1694538262.3593018,0.06854774802923203
1694538262.4601538,0.06989534944295883
1694538262.56087,0.06785628199577332
1694538262.661656,0.06913881748914719
1694538262.76238,0.0657387524843216
1694538262.8631668,0.06686972826719284
1694538262.9639769,0.0675794705748558
1694538263.064744,0.07204364240169525
1694538263.1655009,0.06454327702522278
1694538263.266253,0.06684799492359161
1694538263.367058,0.06657478958368301
1694538263.467896,0.06706542521715164
1694538263.568615,0.0675475150346756
1694538263.6693928,0.06698659807443619
1694538263.770248,0.06612352281808853
1694538263.8709478,0.06638427823781967
1694538263.971709,0.06410818547010422
1694538264.0725079,0.06828088313341141
1694538264.173271,0.06382966786623001
1694538264.27406,0.062016431242227554
1694538264.3748128,0.06282074004411697
1694538264.4756002,0.06500254571437836
1694538264.576354,0.06255104392766953
1694538264.677151,0.06067253649234772
1694538264.777937,0.06216036528348923
1694538264.8787396,0.06067664548754692
1694538264.9795048,0.059500254690647125
1694538265.080289,0.061539120972156525
1694538265.181094,0.05930612236261368
1694538265.281863,0.05786896497011185
1694538265.382587,0.05590573325753212
1694538265.483419,0.06061263009905815
1694538265.584158,0.058580901473760605
1694538265.685037,0.05735962092876434
1694538265.7857978,0.05593760684132576
1694538265.8866,0.05437736213207245
1694538265.987335,0.05482722073793411
1694538266.08823,0.057492706924676895
1694538266.1888509,0.05557524785399437
1694538266.289681,0.057538144290447235
1694538266.390462,0.05696453899145126
1694538266.4911928,0.05649459362030029
1694538266.5919218,0.05423432216048241
1694538266.692684,0.05838211998343468
1694538266.793449,0.05429515242576599
1694538266.894239,0.055120326578617096
1694538266.995,0.053328145295381546
1694538267.095785,0.05440904200077057
1694538267.196547,0.05307324230670929
1694538267.29733,0.05485726520419121
1694538267.39813,0.053107619285583496
1694538267.498945,0.05520937219262123
1694538267.5997016,0.054456524550914764
1694538267.7005,0.05297134816646576
1694538267.80127,0.05463266745209694
1694538267.9020863,0.05542657896876335
1694538268.002882,0.05593932047486305
1694538268.1036448,0.05410557612776756
1694538268.2043638,0.055983323603868484
1694538268.305155,0.05622032284736633
1694538268.4059749,0.05563432350754738
1694538268.50668,0.056743863970041275
1694538268.607491,0.056097958236932755
1694538268.7082329,0.05493021011352539
1694538268.8090608,0.05715922638773918
1694538268.909797,0.05682329833507538
1694538269.010617,0.05808164179325104
1694538269.111398,0.05714421346783638
1694538269.21233,0.056422002613544464
1694538269.312908,0.05466024950146675
1694538269.4136589,0.05413880944252014
1694538269.514506,0.05526700243353844
1694538269.615293,0.05191744863986969
1694538269.716044,0.05461496487259865
1694538269.816752,0.05661414563655853
1694538269.91758,0.05518282577395439
1694538270.0183697,0.05491457134485245
1694538270.11912,0.0578516349196434
1694538270.219894,0.05560886114835739
1694538270.320667,0.055686429142951965
1694538270.4214087,0.05793456733226776
1694538270.522282,0.05815054848790169
1694538270.623025,0.06004038453102112
1694538270.723835,0.05795150250196457
1694538270.8245518,0.06054005026817322
1694538270.925292,0.05976778268814087
1694538271.0261018,0.06237246096134186
1694538271.1268659,0.058760225772857666
1694538271.22766,0.057983219623565674
1694538271.328395,0.05781705304980278
1694538271.4291859,0.05513117089867592
1694538271.530001,0.05603780969977379
1694538271.6308079,0.054603736847639084
1694538271.731552,0.05419709533452988
1694538271.832296,0.05237783491611481
1694538271.933068,0.05306828394532204
1694538272.0339,0.05209466069936752
1694538272.134672,0.05356308072805405
1694538272.235458,0.051594078540802
1694538272.336268,0.0537080280482769
1694538272.4370089,0.05101357772946358
1694538272.537715,0.05107321962714195
1694538272.638578,0.05155950039625168
1694538272.739357,0.05116317793726921
1694538272.840117,0.05323351174592972
1694538272.940893,0.05367595702409744
1694538273.041635,0.05207078531384468
1694538273.142454,0.05595829710364342
1694538273.2432818,0.05304175242781639
1694538273.344075,0.05218861252069473
1694538273.444778,0.05412823334336281
1694538273.545553,0.05506565421819687
1694538273.646288,0.05358424782752991
1694538273.747074,0.05607707053422928
1694538273.847848,0.05510400980710983
1694538273.9486148,0.05347540229558945
1694538274.049382,0.05319957435131073
1694538274.1501548,0.056083228439092636
1694538274.25102,0.05213582143187523
1694538274.35176,0.053798846900463104
1694538274.4524999,0.0541972815990448
1694538274.5532708,0.057596705853939056
1694538274.6540558,0.0569906048476696
1694538274.754812,0.058448195457458496
1694538274.855599,0.05755876004695892
1694538274.95639,0.06330109387636185
1694538275.057178,0.06165269389748573
1694538275.157956,0.05980874225497246
1694538275.258798,0.05601751431822777
1694538275.3595119,0.05685167387127876
1694538275.4603007,0.05631404370069504
1694538275.561095,0.056283704936504364
1694538275.661892,0.05984142795205116
1694538275.762543,0.059192221611738205
1694538275.863436,0.05799958482384682
1694538275.9641929,0.05555606260895729
1694538276.064978,0.05846560001373291
1694538276.165751,0.05891786888241768
1694538276.266561,0.058913350105285645
1694538276.3673458,0.05669499561190605
1694538276.468205,0.06363406777381897
1694538276.568867,0.0601821206510067
1694538276.669725,0.05916864797472954
1694538276.770429,0.063047856092453
1694538276.8712208,0.060276228934526443
1694538276.9719808,0.0640551745891571
1694538277.072744,0.06659203767776489
1694538277.17348,0.0636257752776146
1694538277.2743368,0.06500590592622757
1694538277.375092,0.0639897808432579
1694538277.4758608,0.0671105682849884
1694538277.5765362,0.06310099363327026
1694538277.677304,0.06347665190696716
1694538277.778116,0.06303015351295471
1694538277.878918,0.061146583408117294
1694538277.979774,0.06403301656246185
1694538278.080503,0.062164388597011566
1694538278.181221,0.0648217648267746
1694538278.282075,0.06634456664323807
1694538278.382813,0.06353647261857986
1694538278.483662,0.062282320111989975
1694538278.584419,0.0603707917034626
1694538278.6851149,0.06022205203771591
1694538278.78592,0.06078488379716873
1694538278.8867009,0.05859000235795975
1694538278.987506,0.058994222432374954
1694538279.088311,0.05800074711441994
1694538279.188999,0.05812763422727585
1694538279.289732,0.0580468624830246
1694538279.390513,0.06461940705776215
1694538279.491251,0.06215947866439819
1694538279.5920649,0.062240783125162125
1694538279.6928127,0.06442594528198242
1694538279.793586,0.06398322433233261
1694538279.894429,0.06393181532621384
1694538279.995153,0.059200916439294815
1694538280.095903,0.06077556312084198
1694538280.196661,0.058645300567150116
1694538280.297456,0.060423556715250015
1694538280.398244,0.05954236164689064
1694538280.499013,0.059732869267463684
1694538280.5998518,0.06272287666797638
1694538280.7005599,0.05975356325507164
1694538280.8013148,0.061347320675849915
1694538280.9020588,0.05669393762946129
1694538281.002833,0.055760759860277176
1694538281.103628,0.061069607734680176
1694538281.204447,0.061967767775058746
1694538281.3051527,0.059317078441381454
1694538281.405923,0.06016993150115013
1694538281.506738,0.05776733160018921
1694538281.6075358,0.0588613823056221
1694538281.708282,0.05725684389472008
1694538281.809103,0.059413742274045944
1694538281.909811,0.0576663576066494
1694538282.010618,0.05633894354104996
1694538282.1114528,0.059035178273916245
1694538282.212183,0.059315234422683716
1694538282.3129878,0.058087002485990524
1694538282.413728,0.058374349027872086
1694538282.514494,0.056684087961912155
1694538282.6153228,0.05962935835123062
1694538282.7160869,0.0581175833940506
1694538282.816887,0.06168223172426224
1694538282.9175656,0.06224183365702629
1694538283.0183358,0.06475313752889633
1694538283.119191,0.06016240268945694
1694538283.2200506,0.06031002849340439
1694538283.32071,0.058937203139066696
1694538283.4215178,0.0614694245159626
1694538283.522364,0.059711307287216187
1694538283.6230478,0.06149069964885712
1694538283.72385,0.05878960341215134
1694538283.824517,0.059809066355228424
1694538283.9254088,0.059957653284072876
1694538284.026224,0.05889378488063812
1694538284.126962,0.057659972459077835
1694538284.227706,0.05562707036733627
1694538284.328503,0.058634888380765915
1694538284.429268,0.05780249089002609
1694538284.5300689,0.05844450369477272
1694538284.630843,0.05817295238375664
1694538284.731669,0.058401260524988174
1694538284.8323898,0.05927911028265953
1694538284.933168,0.05635232478380203
1694538285.0339248,0.05922091007232666
1694538285.134721,0.058503687381744385
1694538285.2354538,0.05910089612007141
1694538285.336304,0.05815953016281128
1694538285.4370348,0.05700547993183136
1694538285.5378358,0.05700375884771347
1694538285.6385999,0.058314669877290726
1694538285.739374,0.05755092203617096
1694538285.840157,0.05835465341806412
1694538285.940889,0.05812354385852814
1694538286.041684,0.057488780468702316
1694538286.142463,0.057113923132419586
1694538286.243296,0.056883420795202255
1694538286.344019,0.05804010480642319
1694538286.444751,0.056920889765024185
1694538286.545526,0.058437325060367584
1694538286.6463718,0.05933988839387894
1694538286.747069,0.06067823991179466
1694538286.847832,0.058981750160455704
1694538286.94867,0.06020370498299599
1694538287.049435,0.06170601025223732
1694538287.150218,0.05887305736541748
1694538287.250973,0.0616486482322216
1694538287.3517098,0.060025911778211594
1694538287.452488,0.06228717416524887
1694538287.553313,0.060218214988708496
1694538287.654067,0.06070203706622124
1694538287.754907,0.06034940481185913
1694538287.8556678,0.05948745831847191
1694538287.956493,0.05976783111691475
1694538288.05722,0.05775770545005798
1694538288.1580338,0.06035814434289932
1694538288.2587888,0.05811464414000511
1694538288.359557,0.058683041483163834
1694538288.4603748,0.0577380545437336
1694538288.5610929,0.058592941612005234
1694538288.661903,0.056303396821022034
1694538288.762698,0.05724543333053589
1694538288.863422,0.05984845384955406
1694538288.964191,0.058849480003118515
1694538289.064961,0.061100974678993225
1694538289.165719,0.06206807866692543
1694538289.266451,0.06212891265749931
1694538289.36726,0.0589476004242897
1694538289.468035,0.059506192803382874
1694538289.5687869,0.05775957927107811
1694538289.6695828,0.06313622742891312
1694538289.770393,0.062209244817495346
1694538289.8711889,0.06059249863028526
1694538289.9719088,0.059622250497341156
1694538290.072733,0.061994727700948715
1694538290.1734579,0.05971117690205574
1694538290.274273,0.05960163474082947
1694538290.375037,0.06191696971654892
1694538290.475806,0.06008290499448776
1694538290.576531,0.05993398278951645
1694538290.677361,0.06272205710411072
1694538290.7782109,0.06111215054988861
1694538290.879027,0.06151600554585457
1694538290.979733,0.059480369091033936
1694538291.080467,0.060837630182504654
1694538291.1812599,0.058632951229810715
1694538291.282094,0.05878203734755516
1694538291.382788,0.0582619272172451
1694538291.483559,0.05868151783943176
1694538291.5843189,0.05754838138818741
1694538291.6850638,0.05907924473285675
1694538291.785863,0.05523235350847244
1694538291.88659,0.05783265084028244
1694538291.987486,0.058174632489681244
1694538292.088228,0.05866050720214844
1694538292.1890268,0.058210935443639755
1694538292.28978,0.058574456721544266
1694538292.390509,0.06260380148887634
1694538292.491277,0.06062228977680206
1694538292.5920498,0.06191384047269821
1694538292.6928372,0.06371264904737473
1694538292.793618,0.05980301275849342
1694538292.894402,0.061120305210351944
1694538292.995193,0.06130421534180641
1694538293.0959759,0.061709433794021606
1694538293.1967368,0.06237592548131943
1694538293.2974982,0.06082157418131828
1694538293.3983328,0.05598225072026253
1694538293.4990928,0.05999717861413956
1694538293.5998309,0.05864787474274635
1694538293.70066,0.057926300913095474
1694538293.801426,0.05735796317458153
1694538293.902263,0.05878061056137085
1694538294.003007,0.058566730469465256
1694538294.103793,0.06034182757139206
1694538294.204627,0.06230376660823822
1694538294.3053818,0.06210767477750778
1694538294.4061499,0.06404824554920197
1694538294.506929,0.0641549676656723
1694538294.607751,0.06469739973545074
1694538294.708523,0.06330268830060959
1694538294.8093128,0.06180945038795471
1694538294.910054,0.062261469662189484
1694538295.0109057,0.05882827565073967
1694538295.11165,0.062084343284368515
1694538295.21244,0.05896107852458954
1694538295.313189,0.05960693210363388
1694538295.414042,0.058238063007593155
1694538295.514752,0.059635698795318604
1694538295.6155007,0.056333351880311966
1694538295.716321,0.058083467185497284
1694538295.8170888,0.058291636407375336
1694538295.917801,0.05755997821688652
1694538296.018631,0.06113249808549881
1694538296.1193628,0.057164840400218964
1694538296.2201898,0.05694809556007385
1694538296.320963,0.05607479065656662
1694538296.421774,0.05750105902552605
1694538296.522491,0.0570608526468277
1694538296.623308,0.0566752590239048
1694538296.724009,0.05730697885155678
1694538296.8248599,0.05527392774820328
1694538296.925639,0.05573728308081627
1694538297.026367,0.05582895129919052
1694538297.127137,0.05797085165977478
1694538297.227913,0.058389466255903244
1694538297.328717,0.059491850435733795
1694538297.429507,0.05796366557478905
1694538297.5302532,0.05823966860771179
1694538297.6310868,0.060028478503227234
1694538297.731819,0.06059451773762703
1694538297.8325808,0.06242426857352257
1694538297.9333608,0.06521528959274292
1694538298.034153,0.06409988552331924
1694538298.134908,0.06304211914539337
1694538298.235728,0.06758062541484833
1694538298.336428,0.06748244166374207
1694538298.437233,0.06843134760856628
1694538298.538013,0.06906294822692871
1694538298.6388109,0.0696435272693634
1694538298.739636,0.06919226795434952
1694538298.840349,0.06683715432882309
1694538298.9411218,0.06653059273958206
1694538299.041924,0.06618311256170273
1694538299.142736,0.0645839050412178
1694538299.2434409,0.06259070336818695
1694538299.344225,0.06493304669857025
1694538299.445006,0.06350886076688766
1694538299.5457978,0.0632467046380043
1694538299.6465728,0.06349077820777893
1694538299.747323,0.06667165458202362
1694538299.848101,0.06615681201219559
1694538299.9488237,0.06545872986316681
1694538300.0496469,0.06591176986694336
1694538300.150439,0.06791592389345169
1694538300.2512698,0.06854309141635895
1694538300.3520339,0.06587941944599152
1694538300.452807,0.06593070179224014
1694538300.55355,0.06773596256971359
1694538300.654332,0.07049790769815445
1694538300.7550728,0.0681229680776596
1694538300.855877,0.06686080247163773
1694538300.956689,0.06567832082509995
1694538301.057473,0.0622379444539547
1694538301.158254,0.061302997171878815
1694538301.2589679,0.06276591122150421
1694538301.3597999,0.061666280031204224
1694538301.460579,0.06404988467693329
1694538301.5613272,0.06448636204004288
1694538301.6620939,0.06445780396461487
1694538301.7628999,0.06900826841592789
1694538301.86372,0.06666108965873718
1694538301.964438,0.06538279354572296
1694538302.065219,0.06680763512849808
1694538302.16606,0.0676746591925621
1694538302.2668629,0.07075804471969604
1694538302.3677142,0.06564730405807495
1694538302.468412,0.06650881469249725
1694538302.569128,0.07077624648809433
1694538302.669957,0.06408735364675522
1694538302.770685,0.06959433108568192
1694538302.871513,0.07209183275699615
1694538302.9722888,0.07201121747493744
1694538303.0730278,0.0691123902797699
1694538303.173771,0.07217778265476227
1694538303.2746298,0.06851060688495636
1694538303.375347,0.074930340051651
1694538303.4761539,0.07398457080125809
1694538303.576921,0.0726415291428566
1694538303.6777081,0.07096006721258163
1694538303.778524,0.06894975155591965
1694538303.879269,0.07104969769716263
1694538303.980015,0.0680353119969368
1694538304.0808258,0.06846887618303299
1694538304.1815639,0.06563930213451385
1694538304.2823439,0.06686253100633621
1694538304.3831239,0.0654684454202652
1694538304.4839108,0.06574629247188568
1694538304.584697,0.06213812902569771
1694538304.685482,0.06157451495528221
1694538304.786291,0.06110095605254173
1694538304.8870149,0.06049344688653946
1694538304.987773,0.061923570930957794
1694538305.088539,0.063346266746521
1694538305.1892998,0.06392038613557816
1694538305.2901158,0.06222369521856308
1694538305.390904,0.061541248112916946
1694538305.491636,0.06176605448126793
1694538305.5924208,0.06265952438116074
1694538305.6932158,0.06439213454723358
1694538305.7939808,0.059896230697631836
1694538305.8947759,0.06263897567987442
1694538305.995544,0.06394921243190765
1694538306.096336,0.06464218348264694
1694538306.1971269,0.06371720135211945
1694538306.2978728,0.06264328211545944
1694538306.398696,0.06496482342481613
1694538306.4994357,0.06577108055353165
1694538306.600242,0.06615093350410461
1694538306.7010028,0.06601057201623917
1694538306.801797,0.065731942653656
1694538306.902567,0.06369729340076447
1694538307.0033019,0.06663165241479874
1694538307.1041129,0.06623370200395584
1694538307.2048872,0.06313668936491013
1694538307.3056538,0.062201857566833496
1694538307.4064229,0.06258499622344971
1694538307.507185,0.06280727684497833
1694538307.607955,0.05809424817562103
1694538307.708727,0.05584098398685455
1694538307.8095477,0.05763242766261101
1694538307.910316,0.05727951228618622
1694538308.011133,0.05872759968042374
1694538308.111897,0.0592355951666832
1694538308.212683,0.06072840839624405
1694538308.313467,0.05893992260098457
1694538308.414249,0.06100119650363922
1694538308.5150418,0.06081963703036308
1694538308.615875,0.06118178367614746
1694538308.716569,0.06233353540301323
1694538308.817365,0.062142789363861084
1694538308.918135,0.0630561038851738
1694538309.018951,0.06129339709877968
1694538309.119647,0.06491674482822418
1694538309.2203848,0.059059787541627884
1694538309.321192,0.0599181093275547
1694538309.421975,0.06095774844288826
1694538309.522742,0.06196875870227814
1694538309.623538,0.06693358719348907
1694538309.7243528,0.06640506535768509
1694538309.82508,0.06924373656511307
1694538309.92583,0.06937317550182343
1694538310.026666,0.06619220972061157
1694538310.127444,0.06719719618558884
1694538310.2281706,0.06869206577539444
1694538310.328966,0.06549376249313354
1694538310.4297528,0.06739265471696854
1694538310.5304968,0.06507496535778046
1694538310.631264,0.06011638417840004
1694538310.7321029,0.06256411969661713
1694538310.832774,0.06293577700853348
1694538310.9335809,0.06276688724756241
1694538311.034371,0.06150604039430618
1694538311.135139,0.0618245005607605
1694538311.2359169,0.06386870890855789
1694538311.336674,0.06393158435821533
1694538311.43746,0.06176701933145523
1694538311.5382552,0.06455568224191666
1694538311.6389909,0.06459711492061615
1694538311.739799,0.06881967931985855
1694538311.84054,0.06463854014873505
1694538311.9412873,0.07183290272951126
1694538312.0420666,0.07011835277080536
1694538312.142928,0.06789799779653549
1694538312.2436628,0.06701231002807617
1694538312.3444,0.06765398383140564
1694538312.445216,0.072238489985466
1694538312.5460289,0.0736183300614357
1694538312.646793,0.06754259765148163
1694538312.7475038,0.07524659484624863
1694538312.8482487,0.07600456476211548
1694538312.949107,0.0779472216963768
1694538313.04987,0.07262039184570312
1694538313.150652,0.071794293820858
1694538313.25141,0.07458902895450592
1694538313.352233,0.074106365442276
1694538313.4529548,0.07701394706964493
1694538313.553777,0.07604154944419861
1694538313.654474,0.07338157296180725
1694538313.7553098,0.07114396244287491
1694538313.856066,0.07265190780162811
1694538313.956822,0.07131566852331161
1694538314.057659,0.0705738216638565
1694538314.1584668,0.06951301544904709
1694538314.259177,0.06807930767536163
1694538314.3599958,0.06995805352926254
1694538314.460762,0.07086623460054398
1694538314.561522,0.07271288335323334
1694538314.662274,0.07103521376848221
1694538314.763058,0.07203873246908188
1694538314.8638768,0.07148901373147964
1694538314.964596,0.07196267694234848
1694538315.0653448,0.06752905994653702
1694538315.1661062,0.06945140659809113
1694538315.266927,0.07033900916576385
1694538315.367727,0.06962132453918457
1694538315.468489,0.06836741417646408
1694538315.5692508,0.06252329796552658
1694538315.6700218,0.0633733794093132
1694538315.770787,0.060697268694639206
1694538315.871616,0.0647142082452774
1694538315.9723718,0.06256268918514252
1694538316.0731509,0.06310880184173584
1694538316.173923,0.06462372839450836
1694538316.274654,0.06134997680783272
1694538316.375452,0.06254762411117554
1694538316.4762158,0.061258528381586075
1694538316.57691,0.06211288273334503
1694538316.677686,0.0604703463613987
1694538316.778488,0.058644600212574005
1694538316.879284,0.06005409359931946
1694538316.980041,0.05775585025548935
1694538317.080843,0.05888276919722557
1694538317.181591,0.056778501719236374
1694538317.282337,0.057728104293346405
1694538317.38322,0.06006551533937454
1694538317.4839609,0.058929648250341415
1694538317.584723,0.05660676211118698
1694538317.68549,0.05829568952322006
1694538317.7863379,0.05748526006937027
1694538317.887095,0.05717678368091583
1694538317.987844,0.05698366463184357
1694538318.0886328,0.057310327887535095
1694538318.18941,0.05438549816608429
1694538318.290256,0.053610675036907196
1694538318.390971,0.05488910526037216
1694538318.491726,0.0541108213365078
1694538318.592516,0.05429376661777496
1694538318.6933298,0.05250042304396629
1694538318.79406,0.05196915566921234
1694538318.8948429,0.05250423401594162
1694538318.9956279,0.05304790288209915
1694538319.096436,0.05146981403231621
1694538319.1971898,0.05172711983323097
1694538319.297899,0.05209396034479141
1694538319.398731,0.05469183251261711
1694538319.4995558,0.05313638970255852
1694538319.600301,0.052354708313941956
1694538319.7010498,0.050655923783779144
1694538319.8018079,0.05110062286257744
1694538319.9025857,0.052716296166181564
1694538320.003371,0.05269063636660576
1694538320.104157,0.050192490220069885
1694538320.204933,0.052181046456098557
1694538320.3056998,0.050679516047239304
1694538320.406484,0.05068780481815338
1694538320.507279,0.050692327320575714
1694538320.608029,0.05193033069372177
1694538320.708904,0.049749549478292465
1694538320.809645,0.052441034466028214
1694538320.9103649,0.051801249384880066
1694538321.011226,0.05359753966331482
1694538321.111913,0.051596663892269135
1694538321.2127218,0.05246216803789139
1694538321.313614,0.054131072014570236
1694538321.414291,0.05338139832019806
1694538321.515095,0.05414901301264763
1694538321.61584,0.05394437536597252
1694538321.716605,0.052892204374074936
1694538321.8173928,0.054953478276729584
1694538321.918166,0.054009731858968735
1694538322.018935,0.05378488078713417
1694538322.119729,0.05499345436692238
1694538322.2205288,0.05514823645353317
1694538322.321272,0.05186435207724571
1694538322.422112,0.048492010682821274
1694538322.522747,0.04895026981830597
1694538322.623646,0.04781436547636986
1694538322.724433,0.04853387176990509
1694538322.8251998,0.04811830446124077
1694538322.9259748,0.04986663907766342
1694538323.026777,0.048414863646030426
1694538323.1275659,0.05000061169266701
1694538323.228344,0.05009948089718819
1694538323.329078,0.05039118230342865
1694538323.429824,0.05099758505821228
1694538323.530687,0.05209705978631973
1694538323.63138,0.05115584284067154
1694538323.732182,0.05115041881799698
1694538323.8330119,0.052077800035476685
1694538323.933763,0.054479289799928665
1694538324.0345209,0.05446683242917061
1694538324.1353269,0.05342193320393562
1694538324.23608,0.054314687848091125
1694538324.336822,0.05297916755080223
1694538324.4376,0.056264448910951614
1694538324.538387,0.05538582429289818
1694538324.6391258,0.05672888457775116
1694538324.7399058,0.05809774622321129
1694538324.840663,0.057944390922784805
1694538324.9414349,0.05806154012680054
1694538325.042212,0.05727534368634224
1694538325.1429498,0.05836504325270653
1694538325.243757,0.0596160814166069
1694538325.344529,0.06023291498422623
1694538325.4453049,0.05670558661222458
1694538325.546221,0.05967465415596962
1694538325.646966,0.060942064970731735
1694538325.747654,0.05703091248869896
1694538325.848445,0.056840501725673676
1694538325.9492419,0.058918680995702744
1694538326.050031,0.06021108478307724
1694538326.150749,0.06023499369621277
1694538326.251617,0.06250093877315521
1694538326.352376,0.06058763712644577
1694538326.453112,0.06474385410547256
1694538326.5538907,0.06574533879756927
1694538326.6546688,0.06477534025907516
1694538326.7554789,0.06441941857337952
1694538326.8561668,0.0603349469602108
1694538326.956943,0.061803221702575684
1694538327.05776,0.06292103976011276
1694538327.158514,0.062362879514694214
1694538327.259351,0.06208932027220726
1694538327.359968,0.0643029436469078
1694538327.4607959,0.0627153217792511
1694538327.561606,0.06175338849425316
1694538327.662382,0.061555415391922
1694538327.763154,0.06531921029090881
1694538327.863944,0.06254452466964722
1694538327.964706,0.06201089173555374
1694538328.065465,0.06130307540297508
1694538328.166236,0.05577979236841202
1694538328.2670338,0.05530768260359764
1694538328.3677669,0.056202590465545654
1694538328.4685838,0.05584542080760002
1694538328.5693882,0.05558816343545914
1694538328.6700819,0.05654596537351608
1694538328.770906,0.056129418313503265
1694538328.8716888,0.056040894240140915
1694538328.972426,0.05472517013549805
1694538329.0732598,0.05407620593905449
1694538329.174008,0.053833384066820145
1694538329.274849,0.05614044889807701
1694538329.37564,0.054150521755218506
1694538329.476368,0.054744381457567215
1694538329.5771558,0.055394429713487625
1694538329.6779578,0.055713992565870285
1694538329.778694,0.05435037985444069
1694538329.879452,0.056338485330343246
1694538329.9802587,0.05493871495127678
1694538330.0810308,0.054185494780540466
1694538330.181752,0.05224127694964409
1694538330.2825608,0.05440561845898628
1694538330.383342,0.05293245613574982
1694538330.4841099,0.05384920910000801
1694538330.5848439,0.05467923730611801
1694538330.6856549,0.05299995839595795
1694538330.786406,0.05536111071705818
1694538330.8872168,0.05387289077043533
1694538330.988015,0.052950479090213776
1694538331.088824,0.054237011820077896
1694538331.189523,0.053603220731019974
1694538331.290387,0.054033294320106506
1694538331.3910859,0.053570911288261414
1694538331.4918709,0.05336353927850723
1694538331.5926716,0.05334462597966194
1694538331.6934328,0.05428395792841911
1694538331.794205,0.05622337386012077
1694538331.895025,0.0546749085187912
1694538331.995787,0.05593011528253555
1694538332.096587,0.05554886534810066
1694538332.197317,0.05545090511441231
1694538332.2982059,0.05476316437125206
1694538332.398922,0.05465551093220711
1694538332.4996939,0.05427245423197746
1694538332.600458,0.05602984502911568
1694538332.701195,0.05628855898976326
1694538332.801977,0.057407427579164505
1694538332.902834,0.056610897183418274
1694538333.003577,0.05419405922293663
1694538333.1042979,0.053780656307935715
1694538333.2050679,0.052928000688552856
1694538333.3059008,0.05623004212975502
1694538333.406647,0.05375312641263008
1694538333.5073519,0.054219841957092285
1694538333.608196,0.053833819925785065
1694538333.708912,0.05323009938001633
1694538333.809738,0.05464883893728256
1694538333.910506,0.05368031933903694
1694538334.011379,0.055103547871112823
1694538334.1121233,0.05143851041793823
1694538334.212801,0.05229378119111061
1694538334.3136759,0.053056102246046066
1694538334.4144368,0.05242685601115227
1694538334.5151758,0.05375446751713753
1694538334.6159859,0.05303173139691353
1694538334.716745,0.052817728370428085
1694538334.8174899,0.05392792820930481
1694538334.9183679,0.05415554344654083
1694538335.0191329,0.05346183478832245
1694538335.119899,0.05341231822967529
1694538335.220625,0.053614292293787
1694538335.321416,0.0538635328412056
1694538335.422169,0.05376042053103447
1694538335.523002,0.053821299225091934
1694538335.623767,0.05343416705727577
1694538335.7245,0.054172616451978683
1694538335.825315,0.05544432997703552
1694538335.9260123,0.05403707176446915
1694538336.026872,0.05369867756962776
1694538336.1277359,0.05526706576347351
1694538336.2284389,0.05517975613474846
1694538336.329176,0.05740945413708687
1694538336.4300077,0.05624793469905853
1694538336.530717,0.057028062641620636
1694538336.6314929,0.05404118448495865
1694538336.732275,0.056880638003349304
1694538336.832993,0.05465037375688553
1694538336.933766,0.056023970246315
1694538337.034534,0.054223377257585526
1694538337.135357,0.05476466938853264
1694538337.2361019,0.054029952734708786
1694538337.336819,0.05380347743630409
1694538337.4376519,0.05662281811237335
1694538337.5383801,0.05719662085175514
1694538337.639235,0.0573544055223465
1694538337.740007,0.05899930000305176
1694538337.8407629,0.057123955339193344
1694538337.941541,0.054157961159944534
1694538338.0422828,0.05614398792386055
1694538338.143113,0.056082237511873245
1694538338.2438312,0.05604472756385803
1694538338.34463,0.05517714098095894
1694538338.4453828,0.054420191794633865
1694538338.546237,0.054865796118974686
1694538338.647008,0.05612615868449211
1694538338.747771,0.05491435155272484
1694538338.848523,0.054953914135694504
1694538338.949277,0.05558701232075691
1694538339.050145,0.05637390539050102
1694538339.150882,0.056643567979335785
1694538339.2516508,0.05574705824255943
1694538339.3523839,0.055193379521369934
1694538339.453161,0.05565626546740532
1694538339.5539598,0.055470358580350876
1694538339.654708,0.05608004331588745
1694538339.755609,0.054859235882759094
1694538339.856338,0.05524040386080742
1694538339.957062,0.05663951486349106
1694538340.0578299,0.056327320635318756
1694538340.158599,0.05760403722524643
1694538340.2593029,0.05919705703854561
1694538340.3600888,0.06117914617061615
1694538340.460866,0.0608249194920063
1694538340.561688,0.05873890966176987
1694538340.662451,0.06149418652057648
1694538340.763228,0.05955728888511658
1694538340.864014,0.05892143398523331
1694538340.9647408,0.05801541730761528
1694538341.06559,0.05793447047472
1694538341.166288,0.060325171798467636
1694538341.267073,0.060295458883047104
1694538341.3678489,0.05711089447140694
1694538341.468605,0.0572376549243927
1694538341.5694258,0.05683372914791107
1694538341.67013,0.05905928462743759
1694538341.77098,0.05791405588388443
1694538341.871666,0.0583934560418129
1694538341.9724379,0.058090876787900925
1694538342.073235,0.05810781940817833
1694538342.174022,0.060018256306648254
1694538342.2747588,0.05880758911371231
1694538342.3756719,0.05785752087831497
1694538342.476472,0.05865342915058136
1694538342.577165,0.05882948264479637
1694538342.6779509,0.05875878408551216
1694538342.778718,0.0596436969935894
1694538342.8794339,0.056190308183431625
1694538342.980269,0.05725681409239769
1694538343.080994,0.0573953315615654
1694538343.1817398,0.05707649886608124
1694538343.2825983,0.058604512363672256
1694538343.383365,0.059271734207868576
1694538343.48404,0.05969032645225525
1694538343.584894,0.05687027424573898
1694538343.685597,0.05630017817020416
1694538343.786407,0.056076858192682266
1694538343.8872206,0.05581941083073616
1694538343.987927,0.05561433732509613
1694538344.0887508,0.053577639162540436
1694538344.1895359,0.05486829951405525
1694538344.2902799,0.053031593561172485
1694538344.391059,0.052819959819316864
1694538344.4918408,0.05184086039662361
1694538344.592623,0.05110250785946846
1694538344.693404,0.05360213294625282
1694538344.794153,0.052585262805223465
1694538344.8949058,0.052608560770750046
1694538344.9957528,0.054166458547115326
1694538345.096484,0.05382233113050461
1694538345.1973178,0.05601322278380394
1694538345.298033,0.056073591113090515
1694538345.398835,0.05692874640226364
1694538345.499574,0.05669226497411728
1694538345.6003568,0.05552475154399872
1694538345.7011108,0.054581496864557266
1694538345.801913,0.05525772646069527
1694538345.902698,0.060584694147109985
1694538346.003435,0.060894887894392014
1694538346.1042209,0.059603385627269745
1694538346.2050278,0.06072293967008591
1694538346.305784,0.06206026300787926
1694538346.4065819,0.06386326253414154
1694538346.507382,0.06341011077165604
1694538346.608141,0.062335409224033356
1694538346.7089748,0.062347155064344406
1694538346.809682,0.060254886746406555
1694538346.9104478,0.06511172652244568
1694538347.0112848,0.05922994390130043
1694538347.1120548,0.06112990528345108
1694538347.212786,0.057848550379276276
1694538347.313601,0.054855238646268845
1694538347.414399,0.0564403161406517
1694538347.515189,0.05883899703621864
1694538347.615954,0.0588497556746006
1694538347.716681,0.05936107411980629
1694538347.81743,0.06178068369626999
1694538347.918377,0.061878450214862823
1694538348.019074,0.06146563962101936
1694538348.119865,0.058564960956573486
1694538348.220521,0.06183571740984917
1694538348.321259,0.060239266604185104
1694538348.422174,0.06239485368132591
1694538348.522966,0.06018352508544922
1694538348.6237478,0.058793727308511734
1694538348.724532,0.058199916034936905
1694538348.825243,0.0598076730966568
1694538348.926054,0.059058140963315964
1694538349.0267699,0.057218074798583984
1694538349.1275358,0.05970696732401848
1694538349.228371,0.057591140270233154
1694538349.3291066,0.05982712656259537
1694538349.429945,0.06159459054470062
1694538349.5307388,0.06119953468441963
1694538349.631456,0.060546208173036575
1694538349.7321968,0.060425665229558945
1694538349.8329399,0.059600796550512314
1694538349.933743,0.06281021982431412
1694538350.0345879,0.06187551096081734
1694538350.135318,0.06243274733424187
1694538350.2361119,0.06393969058990479
1694538350.336901,0.06472951173782349
1694538350.4376168,0.06338950246572495
1694538350.5384579,0.06214100122451782
1694538350.639242,0.06423389911651611
1694538350.73996,0.06715554744005203
1694538350.840756,0.07220617681741714
1694538350.9415302,0.07088269293308258
1694538351.0423481,0.07052581012248993
1694538351.1431518,0.06990879774093628
1694538351.243875,0.07160347700119019
1694538351.34462,0.06881754100322723
1694538351.4454806,0.06783891469240189
1694538351.546217,0.06839613616466522
1694538351.646992,0.07169527560472488
1694538351.7478049,0.06372754275798798
1694538351.848528,0.06304298341274261
1694538351.949322,0.060746509581804276
1694538352.050236,0.06648743897676468
1694538352.150905,0.061936188489198685
1694538352.25173,0.06023382022976875
1694538352.352541,0.060760628432035446
1694538352.4531982,0.05837799981236458
1694538352.554013,0.059358492493629456
1694538352.6548266,0.06179427355527878
1694538352.755553,0.060081325471401215
1694538352.856431,0.06400027126073837
1694538352.95711,0.05973296985030174
1694538353.058004,0.06250812858343124
1694538353.1587489,0.06269413232803345
1694538353.259528,0.06354616582393646
1694538353.3603299,0.06260835379362106
1694538353.461011,0.0612613819539547
1694538353.5617747,0.06338008493185043
1694538353.66259,0.06349567323923111
1694538353.7633588,0.06108585745096207
1694538353.864176,0.0631200522184372
1694538353.964917,0.05936717614531517
1694538354.0657048,0.06141131371259689
1694538354.166421,0.06429759413003922
1694538354.267293,0.0640769824385643
1694538354.368039,0.06061098724603653
1694538354.468752,0.06439253687858582
1694538354.5695722,0.05996760353446007
1694538354.6703446,0.06049105525016785
1694538354.771189,0.061628807336091995
1694538354.8719559,0.06408537924289703
1694538354.9726317,0.060085296630859375
1694538355.073441,0.057707540690898895
1694538355.1741729,0.05756941810250282
1694538355.2750049,0.053819503635168076
1694538355.375835,0.056282106786966324
1694538355.476575,0.05801241472363472
1694538355.577409,0.057933222502470016
1694538355.678094,0.05729543790221214
1694538355.778904,0.060822486877441406
1694538355.879752,0.058682166039943695
1694538355.9803789,0.0595516711473465
1694538356.081255,0.05778477340936661
1694538356.181954,0.056917689740657806
1694538356.282763,0.0595257468521595
1694538356.3834748,0.06131837144494057
1694538356.4843118,0.06276362389326096
1694538356.585075,0.06228505074977875
1694538356.685956,0.06244053319096565
1694538356.786644,0.0633540228009224
1694538356.8875098,0.05796664580702782
1694538356.988256,0.06293065845966339
1694538357.089047,0.06356281787157059
1694538357.189787,0.06133687123656273
1694538357.29052,0.06532606482505798
1694538357.391381,0.0684247612953186
1694538357.492065,0.0669281929731369
1694538357.592936,0.07095274329185486
1694538357.6936278,0.06602564454078674
1694538357.794389,0.06463229656219482
1694538357.895205,0.06519868969917297
1694538357.996024,0.06303051859140396
1694538358.096742,0.06485635787248611
1694538358.197561,0.06532648205757141
1694538358.2983499,0.06295087933540344
1694538358.3990788,0.06429267674684525
1694538358.499852,0.06565725803375244
1694538358.6006463,0.06510474532842636
1694538358.7013788,0.06200879439711571
1694538358.8022358,0.06340957432985306
1694538358.9029589,0.06362307071685791
1694538359.003759,0.06386221945285797
1694538359.104523,0.06666269898414612
1694538359.2052698,0.06629899889230728
1694538359.306022,0.06725940853357315
1694538359.406868,0.07026797533035278
1694538359.5076602,0.07360119372606277
1694538359.6084008,0.06962909549474716
1694538359.7092168,0.07144756615161896
1694538359.809957,0.06846759468317032
1694538359.91074,0.0719124972820282
1694538360.011489,0.07336220145225525
1694538360.112447,0.07388587296009064
1694538360.2130718,0.07272522151470184
1694538360.313856,0.07560066133737564
1694538360.414619,0.07434328645467758
1694538360.515404,0.07432494312524796
1694538360.6161819,0.07498538494110107
1694538360.716951,0.0708145722746849
1694538360.8177278,0.07361126691102982
1694538360.918493,0.07305416464805603
1694538361.0192418,0.07125165313482285
1694538361.1201189,0.07278421521186829
1694538361.220813,0.07368342578411102
1694538361.3216228,0.0663733184337616
1694538361.4224288,0.06835928559303284
1694538361.5231879,0.06515277177095413
1694538361.6239839,0.06474155932664871
1694538361.7246969,0.06696562469005585
1694538361.825455,0.06886401027441025
1694538361.9262369,0.06419257819652557
1694538362.027057,0.06797032803297043
1694538362.127838,0.06716338545084
1694538362.2285829,0.06648682057857513
1694538362.329344,0.06791408360004425
1694538362.4301188,0.06728171557188034
1694538362.530963,0.06803711503744125
1694538362.6316268,0.06743023544549942
1694538362.7324858,0.0669265165925026
1694538362.833221,0.06966809928417206
1694538362.934016,0.06759744137525558
1694538363.03476,0.06730017811059952
1694538363.1356149,0.06482497602701187
1694538363.236291,0.062053341418504715
1694538363.337095,0.05767340958118439
1694538363.437901,0.06484093517065048
1694538363.5387208,0.06166428327560425
1694538363.639374,0.06326281279325485
1694538363.7401888,0.06376124173402786
1694538363.8410282,0.06442059576511383
1694538363.941707,0.06505400687456131
1694538364.042518,0.06288674473762512
1694538364.143285,0.060781657695770264
1694538364.244086,0.06206972151994705
1694538364.3448782,0.06056152284145355
1694538364.445649,0.058127280324697495
1694538364.546401,0.05871710181236267
1694538364.647215,0.05832674726843834
1694538364.747954,0.056713175028562546
1694538364.8487759,0.05730471760034561
1694538364.9495058,0.054968226701021194
1694538365.0503047,0.055989887565374374
1694538365.151075,0.0546293705701828
1694538365.251844,0.055547308176755905
1694538365.3526099,0.05304095521569252
1694538365.453402,0.05387921631336212
1694538365.5541558,0.05487142875790596
1694538365.654994,0.053304679691791534
1694538365.755703,0.05336342006921768
1694538365.856503,0.05191618204116821
1694538365.9572842,0.05382871255278587
1694538366.0580497,0.051772646605968475
1694538366.158871,0.05154699087142944
1694538366.2596428,0.05124412849545479
1694538366.3604128,0.050484269857406616
1694538366.461096,0.04922226816415787
1694538366.56194,0.0485612154006958
1694538366.662806,0.049067649990320206
1694538366.7634768,0.04861573874950409
1694538366.864344,0.04611966386437416
1694538366.9650571,0.04597872495651245
1694538367.065836,0.04635185748338699
1694538367.166683,0.047453198581933975
1694538367.267459,0.04669126868247986
1694538367.3682299,0.047944772988557816
1694538367.4688668,0.046897437423467636
1694538367.569715,0.04863522946834564
1694538367.6705658,0.047914549708366394
1694538367.7713249,0.048410650342702866
1694538367.872068,0.04865265265107155
1694538367.9727728,0.04936691001057625
1694538368.0734658,0.05252741277217865
1694538368.1743479,0.05058594420552254
1694538368.275116,0.053113263100385666
1694538368.375845,0.051374781876802444
1694538368.4766319,0.05221697688102722
1694538368.577452,0.05611555278301239
1694538368.678217,0.05304812267422676
1694538368.778987,0.05522388219833374
1694538368.879786,0.05785287916660309
1694538368.9804928,0.0576959103345871
1694538369.0812676,0.05864645913243294
1694538369.182042,0.06016138941049576
1694538369.2827408,0.06002388522028923
1694538369.3836548,0.062004584819078445
1694538369.484382,0.06202416121959686
1694538369.585172,0.0634944960474968
1694538369.685961,0.06444091349840164
1694538369.7868,0.06385166943073273
1694538369.887488,0.06095956638455391
1694538369.988348,0.062465403228998184
1694538370.0891008,0.0657350942492485
1694538370.189863,0.06850141286849976
1694538370.290606,0.06550256162881851
1694538370.391475,0.06407707929611206
1694538370.492189,0.06678607314825058
1694538370.592918,0.06703083217144012
1694538370.693693,0.06645015627145767
1694538370.794472,0.07116203010082245
1694538370.895267,0.06753768026828766
1694538370.9960582,0.06964565813541412
1694538371.0968459,0.06800179183483124
1694538371.197599,0.06747028231620789
1694538371.2984529,0.06977485865354538
1694538371.3992078,0.06750553846359253
1694538371.499935,0.06795619428157806
1694538371.60075,0.06848544627428055
1694538371.701501,0.06760149449110031
1694538371.802331,0.06892582774162292
1694538371.903095,0.06868646293878555
1694538372.0038319,0.0695970207452774
1694538372.104615,0.06923487782478333
1694538372.205446,0.06837616860866547
1694538372.3061528,0.06917104125022888
1694538372.406971,0.06841966509819031
1694538372.507704,0.07093168795108795
1694538372.6085188,0.06901105493307114
1694538372.70927,0.06946124881505966
1694538372.810109,0.07066246122121811
1694538372.9109259,0.06650049984455109
1694538373.0116708,0.06956455856561661
1694538373.1124349,0.06906315684318542
1694538373.21314,0.06764207780361176
1694538373.314045,0.06927227228879929
1694538373.414768,0.07311133295297623
1694538373.5155559,0.07358288764953613
1694538373.616268,0.0695105791091919
1694538373.717028,0.06805498898029327
1694538373.8178809,0.0666496604681015
1694538373.918669,0.06637626886367798
1694538374.0194318,0.06978889554738998
1694538374.120133,0.06672307103872299
1694538374.2209358,0.06853786110877991
1694538374.3217368,0.06840801984071732
1694538374.4224782,0.0720294713973999
1694538374.523267,0.06901516020298004
1694538374.6240768,0.06567475944757462
1694538374.724797,0.06637493520975113
1694538374.825589,0.06829094141721725
1694538374.92638,0.0690087229013443
1694538375.0271869,0.06849060207605362
1694538375.127966,0.06706036627292633
1694538375.228704,0.06733527779579163
1694538375.329485,0.06922029703855515
1694538375.4303439,0.06622925400733948
1694538375.53107,0.06925083696842194
1694538375.63183,0.06593983620405197
1694538375.732483,0.06814312934875488
1694538375.833325,0.07010447978973389
1694538375.934147,0.06704140454530716
1694538376.0348809,0.06785207241773605
1694538376.1356518,0.07061010599136353
1694538376.236459,0.06883466243743896
1694538376.337188,0.0734652578830719
1694538376.438083,0.06674880534410477
1694538376.5388439,0.06671310216188431
1694538376.639595,0.0689634159207344
1694538376.740331,0.06707659363746643
1694538376.841086,0.06627914309501648
1694538376.9418597,0.07109330594539642
